[{"request_id": "319af315-1c8d-4b3a-8f4c-7dcf5a26fcb5", "subid": "315e1f32-61af-41ad-b7fc-28f11b784262", "status": "Completed", "created_time": "2025-01-24 18:30:33", "reason": "PAYMENT, Person variancetest with sub_id = 315e1f32-61af-41ad-b7fc-28f11b784262 did the payment of 290 in USD, when no payment was pending. Payment ID = abcd, Dina66@yopmail.com", "payment_id": "abcd", "payed_time": "2025-01-24 18:30:33", "amount": 290, "fee": 0, "currency": "USD"}, {"request_id": "ee00ff0d-a543-4094-9bea-e695cdc5b361", "subid": "b4c088f9-76aa-4180-b24f-81c8e3e65833", "status": "Completed", "created_time": "2025-01-25 20:53:50", "reason": "PAYMENT, Person variancetest with sub_id = b4c088f9-76aa-4180-b24f-81c8e3e65833 did the payment of 290 in USD, when no payment was pending. Payment ID = abcd, Dina6@yopmail.com", "payment_id": "abcd", "payed_time": "2025-01-25 20:53:50", "amount": 290, "fee": 0, "currency": "USD"}, {"request_id": "d30383b7-bb7a-47d5-ab32-37ea96982e79", "subid": "cb9d72aa-3297-471f-ba7c-4f9f713f690e", "status": "Completed", "created_time": "2025-01-25 20:54:55", "reason": "PAYMENT, Person variancetest with sub_id = cb9d72aa-3297-471f-ba7c-4f9f713f690e did the payment of 290 in USD, when no payment was pending. Payment ID = abcd, Dina@yopmail.com", "payment_id": "abcd", "payed_time": "2025-01-25 20:54:55", "amount": 290, "fee": 0, "currency": "USD"}, {"request_id": "692a0dbe-4841-4622-a45a-91dd630a64b7", "subid": "cb9d72aa-3297-471f-ba7c-4f9f713f690e", "status": "Completed", "created_time": "2025-01-25 20:55:14", "reason": "PAYMENT, Person variancetest with sub_id = cb9d72aa-3297-471f-ba7c-4f9f713f690e did the payment of 290 in USD, when no payment was pending. Payment ID = abcd, Dina@yopmail.com", "payment_id": "abcd", "payed_time": "2025-01-25 20:55:14", "amount": 290, "fee": 0, "currency": "USD"}, {"request_id": "cfb6fdfa-11b9-4950-9f85-3bb83874832e", "subid": "5a854924-f859-4529-a937-5ba248c08689", "status": "Completed", "created_time": "2025-01-29 22:12:01", "reason": "PAYMENT, Person variancetest with sub_id = 5a854924-f859-4529-a937-5ba248c08689 did the payment of 290 in USD, when no payment was pending. Payment ID = abcd, Dina@yopmail.com", "payment_id": "abcd", "payed_time": "2025-01-29 22:12:01", "amount": 290, "fee": 0, "currency": "USD"}]